<?xml version="1.0" encoding="UTF-8"?>
<project-private xmlns="http://www.netbeans.org/ns/project-private/1">
    <editor-bookmarks xmlns="http://www.netbeans.org/ns/editor-bookmarks/2" lastBookmarkId="0"/>
    <open-files xmlns="http://www.netbeans.org/ns/projectui-open-files/2">
        <group>
            <file>file:/D:/MansiAD/Practical-2B/src/java/page2.java</file>
            <file>file:/D:/MansiAD/Practical-2B/src/java/page1.java</file>
            <file>file:/D:/MansiAD/Practical-2B/src/java/page5.java</file>
            <file>file:/D:/MansiAD/Practical-2B/src/java/page3.java</file>
            <file>file:/D:/MansiAD/Practical-2B/web/index.html</file>
            <file>file:/D:/MansiAD/Practical-2B/src/java/page4.java</file>
        </group>
    </open-files>
</project-private>
